Title,Published_date,Likes,Views
"$1 vs $500,000 Romantic Date",2025-06-07,1321437,30345572
Gordon Ramsay Decides Feastables vs Hershey‚Äôs,2025-06-06,671509,19058774
Can I Teach a Penguin To Subscribe?,2025-05-31,1967869,89190876
Extreme Helmet Game,2025-05-28,2329206,106171064
"Beat Neymar, Win $500,000",2025-05-24,3159764,113979558
"Grab The Rolex, Keep It!",2025-05-21,2154539,128909381
Slippery vs Sticky Stairs,2025-05-16,5037050,377257525
I Explored 2000 Year Old Ancient Temples,2025-05-10,2584717,85489031
"Subscribe to Win $50,000",2025-05-07,3333416,48506601
"Find This Key, Win $10,000",2025-05-05,1102021,33463836
World‚Äôs Fastest Robbers,2025-05-02,4236160,170725535
Would You Go On Vacation With A Stranger?,2025-04-29,5284897,142576211
"Would You Risk Drowning for $500,000?",2025-04-26,2752171,138719734
Extreme Helmet Game,2025-04-25,1918628,164079803
"$10,000 Human Shuffleboard",2025-04-22,4442013,306998505
"Drift This Car, Win $10,000",2025-04-16,5177621,347573422
Watch This Video To Feed 1 Person In Need,2025-04-12,3952159,61862709
You Can Stop Child Labor,2025-04-11,3064311,71824191
How Fast Can I Go?,2025-04-05,2450247,139870380
Baseball Tic Tac Toe vs MLB Pro,2025-03-27,1393158,54222254
Could You Win This Obstacle Course?,2025-03-25,1496883,75053630
"Find Your Dog, Win $10,000",2025-03-23,9349701,308708160
I Survived The 5 Deadliest Places On Earth,2025-03-22,2894957,124623082
This Is How The Pyramids Were Built,2025-03-18,5951342,185971903
I Crashed One Of The Most Expensive Cars In The World,2025-03-14,2215515,79591216
Last One To Fall Wins,2025-03-08,3646821,113500326
"Last to Leave Their Circle Wins $500,000",2025-03-01,2697041,147734202
"Highest Away From Me Wins $10,000",2025-02-28,9069695,313343199
"Find The Human, Win $10,000",2025-02-24,6225790,224739219
"Find This Stranger, Win $10,000",2025-02-19,13489526,400571850
"Reach the Money, Win $10,000",2025-02-14,6622724,334651818
I Spent 100 Hours Inside The Pyramids!,2025-02-08,5193020,195714494
Every Minute One Person Is Eliminated,2025-01-25,2844723,119046962
"Last Person Hanging Wins $10,000",2025-01-21,11073634,388297285
Subscribe For An iPhone,2025-01-17,21168606,183240288
"I Helped 2,000 People Walk Again",2025-01-11,2844362,105142863
This obstacle course is WILD,2025-01-10,3481547,151848925
How Many People To Stop Ronaldo?,2024-12-27,10259232,362622918
"Last Person Standing Wins $10,000",2024-12-22,11482082,451073226
"2,000 People Fight For $5,000,000",2024-12-19,4487847,172894419
Bring Me Back Snow From The North Pole,2024-12-10,15046286,406871503
I Got T-Series To Subscribe To Me,2024-12-09,7160752,138058354
Ronaldo Teaches Me How To SIUU,2024-12-01,8508146,262379374
"Beat Ronaldo, Win $1,000,000",2024-11-30,7789116,285878357
Confronting Ronaldo,2024-11-29,11125554,175474888
How Many Balloons To Make A Store Fly?,2024-11-18,9944267,390048278
Restocking MrBeast Labs at Walmart,2024-11-18,4789015,229350237
This Game Is Wild...,2024-11-12,12661683,563776198
How Much Tape To Stop A Lamborghini?,2024-11-08,13585885,671107683
"$1 vs $500,000 Experiences!",2024-11-02,4992745,247168538
1 Subscriber = 1 Penny,2024-10-19,15875913,317009698
Human vs Jet Engine,2024-10-17,12888228,471331566
7 Days Exploring An Underground City,2024-10-12,3538258,147890644
Will A Basketball Boat Hold My Weight?,2024-10-11,9521268,327122164
"Find The Real MrBeast, Win $10,000",2024-10-05,9546926,288850667
"Spot The Difference, Win $10,000",2024-09-28,7791474,226548267
"100 Identical Twins Fight For $250,000",2024-09-28,3216409,158651245
Running With Bigger And Bigger Lunchlys,2024-09-20,7962582,297923836
Holding Bigger And Bigger Dogs,2024-09-16,7691455,280805274
"Men Vs Women Survive In The Wilderness For $500,000",2024-09-07,4059084,176759172
Will A Guitar Boat Hold My Weight?,2024-09-05,17819032,705424597
"Real Or Cake For $10,000",2024-08-29,7176351,187869596
7 Days Stranded In A Cave,2024-08-17,4472168,151924001
Running With Bigger And Bigger Feastables,2024-08-15,11937003,401509996
"Survive 100 Days In Nuclear Bunker, Win $500,000",2024-08-03,5941981,289295772
"Spot The Fake Animal For $10,000",2024-07-19,16425646,541858646
This Game Is Wild,2024-07-17,6095638,219037791
"50 YouTubers Fight For $1,000,000",2024-07-13,9351259,367225259
Pass The Phone To‚Ä¶,2024-07-11,10752933,231410060
How Many Balloons Does It Take To Fly?,2024-07-10,20167809,510870158
I Built 100 Houses And Gave Them Away!,2024-06-29,7657336,197963399
World‚Äôs Deadliest Obstacle Course!,2024-06-15,6510814,324731760
"$10,000 Every Day You Survive In The Wilderness",2024-06-01,8280960,284008397
Sprinting with More and More Money,2024-05-30,11846158,305583801
Giving 1000 Phones Away,2024-05-28,22020100,297430178
World‚Äôs Smartest Dog,2024-05-16,9775237,224784176
Bottle Head Smashing World Record Attempt!,2024-05-14,12308340,470095154
"Protect The Yacht, Keep It!",2024-05-11,4136098,153197058
Ages 1-100 Try My Chocolate,2024-05-09,9598983,251721979
"Spot The Hidden People For $10,000",2024-05-08,6278856,188852332
"Would You Split Or Steal $250,000?",2024-05-03,11161130,194741964
"Buy Feastables, Win Unlimited Money",2024-04-30,11577845,316398467
In 10 Minutes This Room Will Explode!,2024-04-27,4119420,152710041
The World's Fastest Cleaners,2024-04-25,26076551,670693508
"Ages 1 - 100 Decide Who Wins $250,000",2024-04-20,6067525,277075083
"Guess The Gift, Keep It",2024-04-09,18572155,493069431
"I‚Äôm Giving My 250M Subscriber $25,000",2024-04-06,7722692,118923408
"Anything You Touch, You Keep!",2024-04-02,9953281,235700819
7 Days Stranded On An Island,2024-03-30,6984640,362663911
"Keep Track Of Car, Win $10,000",2024-03-19,7738305,165369634
"Stop This Train, Win a Lamborghini",2024-03-16,5202067,212657989
I Survived 7 Days In An Abandoned City,2024-03-02,6393894,278770095
Unboxing My 200M Subscriber Play Button,2024-02-29,13970197,225666486
I Filled Chandler‚Äôs Car With Feastables,2024-02-27,13776613,364787277
Most Expensive Hand Model Holds Feastables,2024-02-24,10866530,430731435
"Buy Feastables, Win $10,000",2024-02-17,15041037,360230093
"Face Your Biggest Fear To Win $800,000",2024-02-10,6333155,312237037
"$1 vs $250,000,000 Private Island!",2024-01-27,5724340,322999668
"Protect $500,000 Keep It!",2024-01-13,4712535,174993209
I Spent 7 Days In Solitary Confinement,2023-12-30,5205039,236247963
I Adopted 100 Dogs!,2023-12-23,6274211,312585157
"Survive 100 Days Trapped, Win $500,000",2023-12-16,6607724,377173645
"Feeding A Dog $1 vs $10,000 Steak",2023-12-14,14946620,492955268
Could You Walk Up A Skyscraper?,2023-12-05,14404162,378458991
"$10,000 Every Day You Survive In A Grocery Store",2023-12-02,6958667,407284525
"$1 vs $10,000,000 Job!",2023-11-25,4676623,258691859
I Spent 7 Days Buried Alive,2023-11-18,7560074,257021398
I Gave Away A House On Halloween,2023-11-10,13375730,323377179
Giving Car Keys Instead Of Candy On Halloween,2023-11-09,10596714,353029440
I Built 100 Wells In Africa,2023-11-04,10302157,243327084
"Furthest Away From Me Wins $10,000",2023-11-02,21128772,616521358
World‚Äôs Most Expensive Bed,2023-10-31,20235084,440392235
World‚Äôs Deadliest Laser Maze!,2023-10-28,4730803,267133938
World‚Äôs Most Expensive Coffee,2023-10-19,11115950,255765511
"$100,000,000 Bathroom",2023-10-17,12278487,323844646
Miranda Cosgrove Said What?,2023-10-15,12087058,249009559
"$1 vs $100,000,000 House!",2023-10-14,6110085,341317901
I Tipped A Pizza Delivery Driver A Car,2023-10-12,25737433,604211260
World's Most Dangerous Trap!,2023-10-07,6579672,301711465
I NEED 1 MORE ùó¶ùó®ùóïùó¶ùóñùó•ùóúùóïùóòùó•,2023-10-05,27392920,406915895
"Guess The Gift, Keep It",2023-10-03,24898525,845785407
"Spot The Hidden People For $10,000",2023-09-28,21493766,705039756
I Paid A Random Student‚Äôs College Tuition,2023-09-26,24037249,445744666
"$100,000,000 Car Doors",2023-09-19,28193591,1069573771
"$1 vs $100,000,000 Car!",2023-09-16,7579489,438330692
Extreme Home Makeover!,2023-09-12,19198390,365785832
Katana Vs Bullet,2023-09-07,37072464,1037859476
How Many School Buses Can We Stack?,2023-09-05,15262948,469737077
Lamborghini Vs World's Largest Shredder,2023-09-02,5614056,236342947
"Feeding A Cat $10 Vs $10,000 Sushi",2023-08-31,13435175,351973806
"Make This Kick, Win Super Bowl Tickets",2023-08-25,5168629,136363850
Metal Pipe Vs School Bus,2023-08-22,13723277,504198094
"Every Country On Earth Fights For $250,000!",2023-08-19,6341015,235361572
Can You Beat A Girl In Arm Wrestling?,2023-08-17,20615342,528302559
"$1 vs $250,000 Vacation!",2023-08-12,6527945,344647521
I Ate The World‚Äôs Most Poisonous Fish,2023-08-08,21373761,463641756
7 Days Stranded At Sea,2023-08-05,8002058,364575365
I Traded My Car At a Red Light,2023-07-15,26035655,631063216
Train Vs Giant Pit,2023-07-08,6498437,265774366
I Buried Treasure in the Bermuda Triangle,2023-07-06,25090720,468921223
"$1 vs $1,000,000,000 Yacht!",2023-06-10,7947467,464985705
Do Pawnshops Scam You?,2023-06-03,15938143,380977087
"Ages 1 - 100 Fight For $500,000",2023-05-27,6662325,426326777
I Got Naruto to Subscribe to Me,2023-05-20,13136971,297614545
I Made An Egg Sandwich With @BayashiTV_,2023-05-13,12052646,269408956
"1,000 Deaf People Hear For The First Time",2023-05-06,5454881,192760549
Would You Pet a Cheetah in Africa?,2023-05-01,27846928,814810513
Tipping A Waitress A Car,2023-04-22,27800648,597613533
Would you go on a Blind Date in Italy?,2023-04-15,23505091,520953013
"$1 vs $500,000 Plane Ticket!",2023-04-01,8575625,485404283
I Sent a Subscriber to Disneyland,2023-03-30,29754526,615596386
I Paid A Real Assassin To Try To Kill Me,2023-03-18,6315954,310021666
"$10,000 Girl Scout Cookies",2023-03-11,13460344,574370335
Do Men Lie About Their Height?,2023-02-14,20782571,500953200
"1,000 Blind People See For The First Time",2023-01-28,10387649,203565978
I Survived 50 Hours In Antarctica,2022-12-24,5701517,233514617
Hydraulic Press Vs Lamborghini,2022-12-10,5759224,254063788
Would You Fly To Paris For A Baguette?,2022-12-08,56412671,1563785358
"100 Kids Vs 100 Adults For $500,000",2022-12-03,4813879,305556559
Gordon Ramsay Tries Most Expensive Chocolate Bar!,2022-11-19,29481727,729512262
"Last To Take Hand Off Jet, Keeps It!",2022-11-12,4836731,228542996
Giving iPhones Instead Of Candy on Halloween,2022-11-02,40114292,1515336302
"$1 vs $1,000,000 Hotel Room!",2022-10-22,7383382,400292587
"The Rock Vs MrBeast For $100,000",2022-10-21,35600506,668222078
"Survive 100 Days In Circle, Win $500,000",2022-09-24,6199821,361303991
I Hunted 100 People!,2022-09-03,3943030,236102250
I Survived A Plane Crash,2022-08-20,4200417,215249668
"I Gave My 100,000,000th Subscriber An Island",2022-08-04,7053329,239926235
"100 Boys Vs 100 Girls For $500,000",2022-07-23,4944065,262107940
I Didn‚Äôt Eat Food For 30 Days,2022-07-02,4230212,121897346
I Built Willy Wonka's Chocolate Factory!,2022-06-04,6858997,347814339
"$10,000 Every Day You Survive Prison",2022-04-09,5572839,236035550
"Would You Swim With Sharks For $100,000?",2022-03-19,4181038,202403742
World‚Äôs Most Dangerous Escape Room!,2022-01-29,5574634,283370052
"Extreme $1,000,000 Hide And Seek",2021-12-18,3659177,108792343
"$1,000,000 Influencer Tournament!",2021-12-16,3146041,100913143
I Got Hunted By The Military,2021-12-10,4784637,245862671
"$456,000 Squid Game In Real Life!",2021-11-24,19235215,804671123
I Cleaned The World‚Äôs Dirtiest Beach #TeamSeas,2021-10-29,5612502,131142424
"Last To Take Hand Off Lamborghini, Keeps It",2021-10-23,4791806,193547678
"First To Rob Bank Wins $100,000",2021-09-26,4528433,204971085
"Extreme $500,000 Game Of Tag!",2021-09-04,4750705,216960638
"Last To Leave Circle Wins $500,000",2021-08-31,7664669,517110487
I Got Hunted By The FBI,2021-08-07,4785866,246637477
"If You Can Carry $1,000,000 You Keep It!",2021-07-24,3890155,242174852
"Would YOU Quit School For $100,000?",2021-07-10,3663518,183958509
I Survived 50 Hours In A Maximum Security Prison,2021-06-26,4386850,280558459
"Hit The Target, Win $300,000",2021-06-12,3771238,204421243
Anything You Can Fit In The Triangle I‚Äôll Pay For,2021-06-01,3613098,252764747
I Got Hunted By A Real Bounty Hunter,2021-04-24,4341702,228413983
"Extreme $100,000 Game of Tag!",2021-04-17,3974949,260941503
"Would You Sit In Snakes For $10,000?",2021-04-10,5712033,357635344
"I Bought The World's Largest Mystery Box! ($500,000)",2021-04-03,5472747,277417892
I Spent 50 Hours Buried Alive,2021-03-27,8343003,331930309
"Offering People $100,000 To Quit Their Job",2021-03-13,3517765,164380374
I Sold My House For $1,2021-03-06,3996079,175415135
"I Donated $300,000 To People In Need",2021-02-13,3019167,56034680
"I Ate $100,000 Golden Ice Cream",2021-01-22,6090734,289656192
I Bought Everything In 5 Stores,2021-01-09,5611579,189319526
"Youtube Rewind 2020, Thank God It's Over",2021-01-01,5042829,72845565
"I Put 1,000,000,000 Christmas Lights On A House (World Record)",2020-12-23,2993327,128926729
I Opened A Restaurant That Pays You To Eat At It,2020-12-19,5158404,197243873
"I Gave People $1,000,000 But ONLY 1 Minute To Spend It!",2020-12-15,6949085,228365206
"Steal This $100,000 Diamond, You Keep It",2020-11-28,3691305,225100437
"Press This Button To Win $100,000!",2020-11-14,4777680,342999131
I Survived 24 Hours Straight In Ice,2020-10-29,4226741,176689614
I Uber‚Äôd People And Let Them Keep The Car,2020-10-24,4159563,146028311
I Filled My Brother‚Äôs House With Slime & Bought Him A New One,2020-10-10,4087882,252250605
Hi Me In 5 Years,2020-10-04,7213599,140815456
"Would You Rather Have A Giant Diamond or $100,000?",2020-09-26,3043717,194177979
"I Gave My 40,000,000th Subscriber 40 Cars",2020-09-19,4793038,201479520
I Am The World‚Äôs Greatest Samurai,2020-09-18,14325552,471573025
Why I Haven‚Äôt Been Uploading,2020-09-17,2796678,58941639
"Get This Random Person 1,000,000 Subscribers",2020-09-05,2645005,86535991
Would YOU Rather Have A Lamborghini or This House?,2020-08-22,4121741,225202057
"Last To Leave $800,000 Island Keeps It",2020-08-15,5831753,283741940
I Bought A Private Island,2020-08-13,3982004,179285505
"I Spent $1,000,000 On Lottery Tickets and WON",2020-08-08,3370129,145497603
I Ate The World‚Äôs Largest Slice Of Pizza,2020-08-01,4735548,301024370
I Adopted EVERY Dog In A Dog Shelter,2020-07-23,5011466,266282575
"I Bought The World's Largest Firework ($600,000)",2020-07-03,5372212,241973601
I Broke Into A House,2020-06-25,3922158,201919910
"Would You Rather Have $100,000 OR This Mystery Key?",2020-06-13,4156170,258513272
I Built The World's Largest Lego Tower,2020-06-06,3572504,201895512
I Spent 50 Hours In Solitary Confinement,2020-05-30,5078626,332430867
If You Click This Video I'll Give My Friend .001$,2020-05-23,7518674,223414154
"I Gave $200,000 To People Who Lost Their Jobs (Corona Virus)",2020-05-07,1410578,47248761
Videos I Could Not Upload...,2020-04-30,4115666,170975492
I Spent 24 Hours In A Doomsday Bunker,2020-04-11,3420759,224584164
"Giving $1,000,000 Of Food To People In Need",2020-03-27,1955722,67328654
I Ran A Marathon In The World's Largest Shoes,2020-03-21,3535903,185380436
"$70,000 Extreme Hide And Seek - Challenge",2020-03-13,2798936,157361562
Anything You Can Fit In The Circle I‚Äôll Pay For,2020-03-07,5285247,319605888
"I Ate A $70,000 Golden Pizza",2020-02-29,4487758,275427093
"Lamborghini Race, Winner Keeps Lamborghini",2020-02-08,2750811,148234423
I Gave My Credit Card To Random People,2020-02-01,4105119,197768181
I Went Back To Boy Scouts For A Day,2020-01-25,2314608,128899260
"$60,000 Extreme Hide And Seek - Challenge",2020-01-17,2956090,172081092
"How I Gained 15,000,000 Subscribers In 1 Year",2020-01-03,899392,19674415
Important Youtube Announcement (please watch),2019-12-28,2429234,38746952
"Giving 10,000 Presents To Kids For Christmas",2019-12-23,3153959,81200045
"Spending $1,000,000 In 24 Hours",2019-12-21,4818858,202261468
"Last To Take Hand Off $1,000,000 Keeps It",2019-12-19,3449638,145169245
"Last To Stop Riding Bike Wins $1,000,000 (Part 4)",2019-12-14,1503993,67748334
"Last To Leave Toilet Wins $1,000,000 (Part 3)",2019-12-07,1963130,103331600
I Ordered Pizza And Tipped The House,2019-12-05,4367095,151874726
"Last to Stop Swinging Wins $1,000,000 (Part 2)",2019-11-30,2374486,144626809
"$50,000 Game Of Extreme Hide And Seek - Challenge",2019-11-28,3114237,165729283
I Opened A FREE BANK,2019-11-23,3025697,125622260
"Going Around A Ferris Wheel 1,000 Times Straight",2019-11-16,2607184,129194535
"Last To Fall Wins $1,000,000 (Part 1)",2019-11-14,3166846,166880677
Surviving 24 Hours Straight In The Bermuda Triangle,2019-11-09,4433305,258287122
"I Spent $100,000 On Lottery Tickets And Won!",2019-10-31,1432234,57595342
"Planting 20,000,000 Trees, My Biggest Project Ever!",2019-10-25,4541267,114783065
"Last To Take Hand Off Boat, Keeps It",2019-10-19,2150976,134541464
"I Searched 100 Dumpsters, Here's What I Found",2019-10-12,3166987,225104731
"Going Through The Same Drive Thru 1,000 Times",2019-10-05,5175622,302382281
"Donating $100,000 To Random Streamers",2019-09-28,1899249,66003434
Surviving 24 Hours Straight In A Rain Forest,2019-09-21,2700858,142233724
"Last To Leave Ramen Noodle Pool Wins $20,000",2019-09-13,1598663,77248529
"Anything You Can Carry, I'll Pay For #2",2019-09-06,1729835,88757684
"I Gave My Brother 24 Hours To Spend $100,000",2019-08-31,2568827,105968472
I Opened A Free Car Dealership,2019-08-29,3522429,148212942
"Last To Leave Pool Of $20,000 Keeps It",2019-08-24,3353372,184655962
Surviving 24 Hours On A Deserted Island,2019-08-22,3637018,207230471
"Last To Leave Roller Coaster Wins $20,000 - Challenge",2019-08-17,3060295,164725402
I Won Every Prize At A Theme Park,2019-08-15,3028664,185013691
Destroying My Friend's Car And Surprising Him With A New One,2019-08-10,2854942,113853598
I Spent 24 Hours Straight At Area 51,2019-08-02,3937984,183345863
"Can 50,000 Magnets Catch A Cannon Ball?",2019-07-20,2217326,133783462
World's Largest Game Of Dodgeball,2019-07-12,1714005,92575252
"Last To Leave Revolving Door Wins $50,000",2019-07-02,3690585,167080442
Tipping Waitresses With Real Gold Bars,2019-06-21,1824580,70534127
I Opened The World's First FREE Store,2019-06-15,2372842,95368764
Spending 24 Hours On Top Of A Mountain,2019-06-13,4029571,222958610
"Last To Leave VR Wins $20,000",2019-06-08,3290810,167830578
"Last To Stop Running Wins $20,000",2019-06-06,2379506,121705078
"Paying People $10,000 To Eat Ghost Pepper",2019-06-01,1120771,40825487
24 Hours In The Most Haunted Place On Earth,2019-05-30,3123830,149764176
I Bought Everything In A Store - Challenge,2019-05-18,4339430,162126096
World's Largest Bowl Of Cereal,2019-05-15,3399125,245830424
Spending 24 Hours In A City With No Laws,2019-05-07,2988484,182482116
"Giving $10,000 To Random People And Saying Nothing",2019-04-30,1857959,83156428
Molten Lava Vs Giant Ice Block Experiment,2019-04-27,1859285,99943299
"Anything You Can Carry, I'll Pay For Challenge",2019-04-20,1787792,92805510
Homeless Man Buys A Lamborghini,2019-04-18,4288772,194396505
Playing Battleship With Real Ships,2019-04-06,1015284,38431780
"Donating $100,000 To Shroud In Real Life",2019-04-04,877536,32350138
"Last To Leave The Tesla, Keeps It Challenge",2019-03-29,2070378,119404397
"Donating $100,000 To Streamers With 0 Viewers",2019-03-24,3485136,105611799
Surviving 24 Hours Straight In A Desert,2019-03-16,3351730,179401665
"$200,000 Youtuber Battle Royale",2019-03-12,1740817,56119302
Surprising Strangers With 100 Zombies - Experiment,2019-03-03,1794491,61303052
I Gave A Homeless Man A Home,2019-02-28,2217627,84130667
Standing Still For 24 Hours Straight - Statue Challenge,2019-02-22,2039418,123784554
Giant Monopoly Game With Real Money,2019-02-15,2476153,132330336
I Spent 24 Hours Straight In Insane Asylum,2019-02-10,2355487,122657505
I Advertised Pewdiepie At The Super Bowl,2019-02-04,1250876,45148022
I Went Back To 1st Grade For A Day,2019-01-31,3501546,225559063
I Opened The World‚Äôs Cheapest Store,2019-01-26,1147259,41636046
I Put 10 Million Legos in Friend's House,2019-01-18,1711362,114728721
Make This Video The Most Liked Video On Youtube,2019-01-16,30338617,154650109
"20,000 Magnets Vs A Car",2019-01-14,771640,34374792
"Eating A $10,000 Golden Steak (24k Gold)",2019-01-11,2430136,159199805
Last To Take Hand Off House Keeps It!,2019-01-08,1669522,98782810
"I Gave Him One Hour To Spend $100,000!",2019-01-01,1638969,82309105
"How I Gave Away $1,000,000",2018-12-25,490062,14549943
"Giving $100,000 To A Homeless Person",2018-12-23,1026967,31516458
I Spent 24 Hours Straight In Prison - Challenge,2018-12-19,2115146,118798296
Donating $10000 To Pewdiepie,2018-12-16,1733232,47349140
"Last Youtuber To Leave Wins $100,000 - Challenge",2018-12-12,2163335,105639554
I Put Millions Of Pennies In My Friends Backyard,2018-12-08,2831375,184728508
Surprising TFue With A Fortnite Battle Bus In Real Life,2018-12-07,1895442,102843884
I Built A Giant House Using Only Legos,2018-12-02,1040627,65106953
"Last To Leave Slime Pit Wins $20,000 - Challenge",2018-11-30,2395551,147279485
"Saying Pewdiepie 100,000 Times",2018-11-25,1693949,26555898
Destroyed Friend's House And Bought Him A New One,2018-11-24,1132908,43814461
I Put 100 Million Orbeez In My Friend's Backyard,2018-11-22,5301585,238778365
"Spending $40,000 In One Hour Challenge",2018-11-17,933940,44807060
"Giving My 10,000,000th Subscriber 10,000,000 ___",2018-11-13,816687,29816011
"$10,000 Games Of Rock Paper Scissors",2018-11-04,513909,18608104
"Last To Remove Hand, Gets Lamborghini Challenge",2018-11-02,1709392,96080458
"You Pick The Right Cup, You Win $100,000!",2018-10-28,977320,36274241
I Bought Every Billboard In My City For This,2018-10-26,1319465,38797834
"Ordering Water Then Tipping $30,000",2018-10-23,1195796,45236252
"I Spent $50,000 On Lottery Tickets And Won ____",2018-10-19,748057,31345409
"Last To Leave Circle Wins $10,000 - Challenge",2018-10-12,1667078,97339419
I Spent 24 Hours Straight In Slime,2018-10-09,939866,43873200
"Surprising Tfue With $10,000 Live - Fortnite",2018-10-04,1536642,74731019
"I Spent $30,000 On Lottery Tickets And Won ____",2018-09-28,426686,17336984
Flat Earth PROVEN By Independent Research,2018-09-22,795981,28598267
Things That SHOULDN'T Be Sold On Amazon,2018-09-21,2312003,152177996
"Surprising My 8,000,000th Subscriber With 8,000,000 ___",2018-09-19,585291,37312992
"I Donated $25,000 To Random Kids Streaming Fortnite",2018-09-14,1315493,65254361
I Hope This Magic Trick Works,2018-09-11,721158,43634442
Can A Glowing 1000 Degree Sword Slice A Car In Half?,2018-09-06,1144179,69941616
Rocket League In Real Life!,2018-09-01,543872,28783945
Destroying My Friend's Car And Surprising Him With A New One - Slime,2018-08-28,2488844,120621102
Spending 24 Hours Straight Under Water Challenge,2018-08-24,3576461,144826749
"Attempting The Impossible Maze - $10,000 Challenge",2018-08-15,1014243,57029839
"Donating $100,000 To A Random Fortnite Streamer",2018-08-05,1111798,53235667
Moving 10 Pounds Using ONLY Sound,2018-08-02,1214017,45718825
Returning Destroyed Rental Cars Prank,2018-07-27,620813,37252662
"I Gave My 6,000,000th Subscriber 6,000,000 ____",2018-07-25,395530,17724633
"Can 1,000 Fans At Max Speed Push A Car?",2018-07-17,622602,28797141
"I Donated $50,000 To Ninja - Fortnite",2018-07-14,2150708,98324382
I Ubered Random People In A Tank,2018-07-11,867080,30182210
World's Hottest Substance Vs Coldest Substance,2018-06-30,1775381,96102388
The Real Way Dinosaurs Went Extinct,2018-06-28,803810,29353268
I Donated $1000 Every Time She Blinked - Fortnite Streamers,2018-06-24,641384,21849538
I Built A Working Car Using Only LEGOS,2018-06-23,1657048,75209914
Do Water Repellent Shoes Actually Work?,2018-06-22,2002594,131758705
"We Drove 3,000 Miles For The World's Best Burger",2018-06-09,1224749,54708590
"I Gave My 5,000,000th Subscriber 5,000,000 ______",2018-06-08,293622,11341739
I Made Money Grow On Trees,2018-06-01,432948,17363318
I Took Apart My Friends Car And Put It In His Room,2018-05-25,316675,15892892
How Many Rubber Bands Does It Take To Snap A Safe?,2018-05-22,916228,37355293
Pulling Cars Over Using A Toy Police Car,2018-05-13,545202,24753238
"I Gave $500,000 To Random People",2018-05-11,453787,15199414
How Many Toy Cars Does It Take To Pull A Real Car?,2018-05-04,763656,41287764
"I Gave $20,000 To People From An Ice Cream Truck",2018-05-02,348125,14792162
$10000 Ice Sculpture Vs Flame,2018-05-01,505488,23892524
"Can 1,000 Rolls Of Duct Tape Stop A Car??",2018-04-30,548531,26972114
Winning A Game Of Fortnite In The Middle Of The Ocean,2018-04-25,784165,31481222
I Flew Using Only Balloons AND Leaf Blowers,2018-04-23,655350,32802533
"I Donated $40,000 To A Random Twitch Fortnite Streamer (world record)",2018-04-21,631783,24557676
Destroying My Friend's Car And Surprising Him With A New One,2018-04-13,628382,39184566
Walking Up To Random People With 100 StormTroopers,2018-04-11,502501,19956267
"I Donated $10,000 If They Said This Word (Twitch Streamers)",2018-04-04,555872,20114609
"Giving My 4,000,000th Subscriber 4,000,000 Cookies",2018-04-02,343499,13368760
"I Tipped Waitresses $20,000",2018-03-30,355823,14956906
Walking Into Random Stores With 100 Dinosaurs,2018-03-22,896379,33563815
I Built A Mansion Using Only Cardboard Boxes,2018-03-20,576018,25852522
Breaking Glass Using Only Megaphones,2018-03-17,1409010,54304047
Tying My Shoes In Every State (World Record),2018-03-16,453457,18102856
"I Dropped $20,000 From A Drone",2018-03-08,249352,7818684
"Donating $10,000 To Fortnite Streamers If They Win",2018-03-03,274026,11371232
Trying To Fly Using Only Leaf Blowers,2018-03-01,429582,18420146
"Giving 3,000,000 Pennies To My 3,000,000th Subscriber",2018-02-22,235608,8839704
"I Donated $30,000 To My Favorite Twitch Streamer (ninja)",2018-02-21,860458,36774114
"I Gave $20,000 To Random Homeless People",2018-02-17,1313731,47682547
I Bought An Expensive Car Using Only $1 Bills,2018-02-13,1079347,37607632
I Bought The World's Most Expensive Apps ($10k),2018-02-08,763385,27091064
We Delivered 100 Pizzas To Random Houses,2018-02-02,228620,9198435
"I Donated $30,000 To A Random Twitch Streamer (world record)",2018-01-28,1054751,32877966
I Bought A Car Using Only Pennies,2018-01-25,720617,26557343
I Bought One Snickers Bar From Every Walmart,2018-01-13,1123336,44987086
Donating Big Donations To Twitch Streamers!!!,2018-01-11,581348,27736014
I Can't Believe I Found This Stuff On Amazon..,2017-12-22,1194734,31239795
"Saying ""Keep Net Neutrality"" For 10 Hours",2017-12-17,84190,2386700
Life Hacks You Need To Know,2017-12-08,202303,7391928
"Can 100,000 Pieces Of Paper Stop A Bullet?",2017-12-06,482862,26001892
"Giving My Mom $100,000 (Proudest Day Of My Life)",2017-12-02,1534690,31945270
"2,256 Miles In One Uber Ride (World Record)",2017-10-28,1109160,43417151
i'm really sorry,2017-10-26,205698,5930514
Hi Me In Two Years (Made Two Years Ago),2017-10-04,601548,13718817
"Tipping Uber Drivers $10,000",2017-08-30,128117,4655671
Going To The Connor McGregor fight!,2017-08-28,230159,6107239
"Tipping Pizza Delivery Guys $10,000",2017-08-23,701497,23112803
"Microwaving my iPhone, what happens next might shock you..",2017-08-20,123752,2782080
"Saying Logan Paul 100,000 Times",2017-08-19,931123,23533446
"Donating $10,000 To Random Twitch Streamers",2017-08-15,226783,10856673
Breaking The Law,2017-07-09,835321,32155562
"Giving Homeless People $1,000 (Not Clickbait)",2017-06-28,229107,6626496
We Are Better Than Dude Perfect,2017-06-24,668450,27299368
Every Challenge I've Ever Done,2017-06-23,29735,941821
Watching It's Everyday Bro For 10 Hours Straight,2017-06-17,822723,28258328
"Giving A Random Homeless Man $10,000",2017-06-15,562142,11255256
Toothpaste Life Hacks YOU SHOULD KNOW,2017-06-13,500384,19772730
"Reading The Longest English Word (190,000 Characters)",2017-06-02,821203,35678866
Fidget Spinner Vs Face (Legit Had To Get Stitches),2017-05-02,1663080,43813447
Grilling A Microwave Microwaving A Microwave Microwaving A Toaster Toasting An Iphone Watching Micro,2017-03-30,72218,2124393
#1 MOST INSANE MAGNET LIFE HACK EVER,2017-03-24,523192,26289182
Watching Dance Till You're Dead For 10 Hours,2017-03-21,2623795,54591809
I Can't Break My Strange Addiction,2017-03-19,95711,1938151
OMG! INSANE CUP FORT,2017-03-14,96524,4148446
Savage Level 9000,2017-03-08,322303,7383071
Reading The Youtube Terms Of Service,2017-03-07,19734,564924
Reacting To The Reaction Of The Reaction To The Reaction Of The Reaction Of The Reaction To The Reac,2017-02-22,323461,7713729
"Counting To 200,000 (Road To A Mil)",2017-02-18,154530,4029307
Microwaving Dry Ice (Microwave Explodes),2017-02-09,96946,3349021
"I Counted To 100,000!",2017-01-09,1488551,31937147
we are number one but every one is a bad intro,2016-12-25,56413,1984798
Microwaving A Microwave Microwaving A Toaster,2016-12-23,89307,4950081
HOW TO UNLOCK ANY IPHONE WITHOUT THE PASSCODE,2016-12-21,578963,23013049
WHY DO THEY SELL THIS ON AMAZON?,2016-12-18,719004,8828465
Microwaving A Microwave,2016-12-09,437845,11710799
IF YOU ONLY SEE ORANGE YOU'RE COLOR BLIND,2016-12-05,93502,1835206
I Mailed Myself IN A BOX & it REALLY WORKED! (Human Mail Challenge),2016-11-30,455304,16451205
STUPIDEST PERSN ON EART (Really Dumb),2016-11-28,184444,2527656
"Reading The Entire Bee Movie Script But Everytime They Say ""Bee"" I Repeat All the Previous Bees",2016-11-25,216690,10989945
THE WORST THINGS EVER TO EXIST,2016-11-19,328450,3791163
BLOWING UP $1000 KEYBOARD *RIP WALLET*,2016-11-11,227069,3879259
MY $1000 KEYBOARD CHANGED MY LIFE,2016-11-03,355089,13438181
I BOUGHT A 1000$ KEYBOARD,2016-10-25,38319,1622932
IF ONLINE ADS WERE REAL,2016-10-16,579980,9892906
IT FINALLY CAME IN THE MAIL,2016-10-10,11847,350184
Bleach Bottle Flips (COP CALLED),2016-10-09,55425,1237551
Hi Me In A Year (Scheduled Uploaded A Year Ago),2016-10-04,54850,1700487
Epic New Gaming And Youtube Setup 2016,2016-09-30,15098,415355
24 HOUR EXPLOSION GIVEAWAY! WIN GIFTCARDS,2016-09-05,35064,821633
LISTENING TO OLD VOICEMAILS FOR THE FIRST TIME,2016-08-28,11650,377337
GAMBLING MONEY WITH SCRATCH OFF TICKETS,2016-08-26,59720,3083539
BEST WALMART TOILET PAPER FORT,2016-08-24,51123,1474171
100 LAYERS OF SARAN WRAP + TOILET PAPER!!,2016-08-23,139445,3338855
WORST REVIEWS ON AMAZON #4 *FUNNY*,2016-08-21,125117,1657438
HOW MUCH MONEY DO YOUTUBERS MAKE?,2016-08-14,152542,3141880
THE WORST SONG ON YOUTUBE *CRINGE*,2016-08-08,42225,841134
SURPRISING MY BROTHER WITH A LAPTOP,2016-08-07,116204,1711334
"SELLING ORGANS FOR $1,000,000",2016-08-02,121536,3612682
POKEMON GO STEREOTYPES,2016-07-14,64473,2278378
"100,000 SUBSCRIBERS.EXE",2016-07-08,81269,1496501
WORST REVIEWS ON AMAZON #2 HOW IS THIS LEGAL?,2016-07-02,46162,1199792
BLOWING UP MY TABLET,2016-07-01,7532,178940
Worst Reviews On Amazon #1 (Minecraft Edition),2016-06-26,17332,717995
WORST THUMBNAILS ON YOUTUBE #3,2016-06-21,34975,909756
REACTING TO MY OLD MINECRAFT VIDEOS (HORRIBLE),2016-06-19,35856,1344316
HOW TO MAKE A GOOD INTRO FOR YOUTUBE,2016-06-14,6111,186569
WORST BANNERS ON YOUTUBE #1,2016-06-13,18897,675320
"50,000 Subscribers.exe",2016-06-11,22016,548412
Dude Perfect 4.0 - We Are Totally Better,2016-06-06,13051,432318
CUTTING TABLE IN HALF WITH PLASTIC KNIVES,2016-06-04,165610,3743599
BEST INTROS ON YOUTUBE #1,2016-06-01,816985,28466647
Motivation For Youtubers #6 LAST ONE,2016-05-24,6358,157961
How Many Licks Does It Take To Get To The Center Of A Tootsie Pop?,2016-05-19,12227,389140
Motivation For Youtubers #5,2016-05-15,8876,200567
18th Birthday QNA - Mom's Hair Dryer Age?,2016-05-07,15436,390158
WORST MEMES AND TRENDS ON YOUTUBE!,2016-05-01,13030,643816
Cereal Commentary,2016-04-28,5567,169142
WHERE IS MY COOKIE?????,2016-04-24,12383,124573
"How Much Money Do Big Youtubers Make? (Pewdiepie, Markiplier, etc)",2016-04-22,4747,120011
Struggles Of Being A Youtuber,2016-04-19,5444,144655
Reenacting Youtubers,2016-04-16,7092,184781
Life Before And After Gamma (Insane) @GFuelEnergy,2016-04-13,2278,57379
Worst Thumbnails On Youtube #2 - Cringe,2016-04-10,10253,290086
Motivation For Small Youtubers #4 - Inspiration For Youtubers,2016-04-08,7262,151645
Scheduled Uploaded 6 Months Ago (REACTION),2016-04-06,5145,142244
Dude Perfect 3.0 - We Are Better,2016-04-04,21593,726304
Dear Future Me (Scheduled Uploaded 6 Months Ago),2016-04-04,135341,2394597
$100 GIVEAWAY PRANK (NO WEAPONS INVOLVED),2016-04-03,1851,68420
GIVING AWAY $100 ITUNES GIFT CARDS,2016-04-01,4549,154219
Walking Dead Daryl DIED (Fan Reaction To Death),2016-03-28,4800,173833
Why Do Youtubers Ask For Likes?,2016-03-27,12065,178203
Making My Background More Epic,2016-03-26,2440,57249
Doing Youtube For Fun Or Views?,2016-03-23,2500,57252
Pranks That Went Horribly Wrong,2016-03-19,90347,2150945
Who Founded Faze? Who Created Faze Clan?,2016-03-18,73067,2053963
Subscriber Goals For 2017,2016-03-09,2850,81024
"20,000",2016-03-08,6124,198918
The Dreaded Unanswerable Question,2016-02-29,4868,185178
WORST THUMBNAILS ON YOUTUBE,2016-02-28,24572,615608
Beast Goes Camping (Didn't Go Wrong) (Didn't Go Sexual),2016-02-20,5129,204032
NBA Interviews Gone Wrong (No Gun Pulled),2016-02-20,1995,67648
Movie Trailers Be Like,2016-02-15,4529,113192
What Is Youtube Red? Should I Buy Youtube Red?,2016-02-10,3875,109818
Things I Hate #2 - Youtube Edition,2016-02-09,7646,174244
Super Bowl Commercial 2016 Cost - How Much Does A Commercial Cost In 2016 Super Bowl?,2016-02-07,2543,96378
Counting To 10000 In One Sitting,2016-02-01,714893,68370391
HOW TO MAKE A VIRAL PRANK VIDEO 100% LEGIT,2016-01-26,5992,168063
Is Obama Dead? Dumb Google Searches!,2016-01-24,4698,229268
How To Be MrBeast (Made By Really Old Subscriber),2016-01-23,2887,70816
Should You Play Video Games?,2016-01-22,4269,98753
School Is A Waste Of Time,2016-01-21,5817,134215
Is Michael Bay My Dad????????,2016-01-18,2399,77918
Lottery Taxes - How Much Tax Is If You Win The Lottery,2016-01-16,3656,136289
Motivation For Small Youtubers #3,2016-01-12,9379,181462
Giving Away Two $15 Gift Cards (forgive me boyz),2016-01-10,3083,57259
Do Dislikes Matter On Youtube - Are Dislikes Bad Or Good?,2016-01-07,23857,382261
How To Get Active Subscribers On Youtube? Tips 2016,2016-01-05,4450,94678
Reaction Channels Are Stupid??????? #JCTG,2016-01-05,2180,74935
Goodbye Laptop,2016-01-01,6964,168011
2015 Year Highlights,2015-12-30,2491,72914
MrBeast Rest In Pepperoni 6000,2015-12-27,5927,224741
How To Think Of Good Video Ideas (Tips),2015-12-26,7969,126726
Whats That Song Name?,2015-12-24,7568,196269
The Anti-Beast,2015-12-23,29939,930558
"Reacting To Family Accounts (MamaBeast, MrBeast'sLaptop, Etc)",2015-12-22,20478,942636
Do Youtubers Pay Taxes????? (USA),2015-12-19,4437,110512
Why Does This Video Have No Thumbnail?,2015-12-15,4085,99494
Totally 100% Real Epic Ping Pong Trickshots,2015-12-11,4389,96928
Exams Be Like,2015-12-10,14354,484118
How Many People Have A Silver Play Button????,2015-12-08,12864,462313
How To Get More Views And Subscribers On Youtube (2016),2015-12-03,3421,75360
Should You Do COD Commentaries In 2016????,2015-12-02,1429,57628
THINGS I HATE #1,2015-12-02,15796,480263
Worst MrBeast6000 Intros?? (Fan Made!),2015-11-30,13385,492615
Dear Razer Can I Have My 70$ Back?????,2015-11-29,350309,7606327
"How Many People Get The Golden Play Button? (1,000,000 Subscribers)",2015-11-28,3901,154877
"Spam404 Has Terminated 5,000,000 Videos (Including Pewdiepie)",2015-11-26,2741,114590
MrBeast6000's First Video (So Bad lol),2015-11-19,536279,14134558
The Evolution Of My Youtube Banners,2015-11-18,2452,74773
"Shark Tank Most Successful Products, Entrepreneurs, Or Businesses 2015",2015-11-08,1361,147848
PSYCHO FRIEND SMASHES MY LAPTOP! (Mc Juggernuggets Parody),2015-11-06,11598,310525
FREE TO USE BO3 GAMEPLAY - 1080p,2015-11-03,1845,57250
Double Agent (Short Film),2015-11-01,6147,168111
YOU ONLY DO YOUTUBE FOR VIEWS,2015-10-29,3524,82773
"10,000 QNA With MUM",2015-10-29,14327,334532
Why I Stopped Playing Video Games - Video Game Commentary,2015-10-25,1728,65702
YOUTUBE RED STEALS CONTENT CREATORS MONEY? What Is Youtube Red?,2015-10-21,2372,58966
Millions Of Views!,2015-10-18,30022,935711
"How To Get 1,000 Subscribers On Youtube - Vlogs Gaming",2015-10-15,4363,95694
High School Education Be Like (Paying Taxes),2015-10-14,2038,60321
I Got Bored Of Studying So This Happened,2015-10-13,21121,717445
Best Microphone For Youtube (Gaming Commentaries Vocals Singing Podcast),2015-10-11,2025,57248
9k Subs - Channel Talk,2015-10-10,4047,118052
How Much Money Does Bill Gates Make / Have - Billionaire,2015-10-09,4061,138208
MrBeast6000's Channel Trailer,2015-10-08,125961,1633258
Best Non-Copyrighted Songs For Videos! (Intros Vlogs Gaming Trailers) 2016,2015-10-05,2582,83827
Is Being A Youtuber Hard? Is Being A Youtuber Worth It?,2015-10-04,4514,107177
Best Green Screen Lighting Ever? (Joking Obviously),2015-10-03,13583,569290
How Do Youtubers Make Money? How Do Youtubers Get Paid?,2015-09-29,3896,123395
Increase Youtube Views 2015! COMMUNITY CHANNELS - Boosting Youtube Views,2015-09-27,1846,57258
Originality - A Youtube Poem By MrBeast6000,2015-09-26,2182,57258
Stupid Things People Search On Google,2015-09-25,72527,1375296
"Ad Blocker For Chrome and Mobile, Should You Use It?",2015-09-23,3246,87563
PC Master Race Vs Console Peasants,2015-09-21,2377,58392
Shia Labeouf Motivates Youtubers!,2015-09-19,10779,387755
Knives In Video Games Cost More Than Real Life????,2015-09-18,2183,66077
"Why I Sold My PS4, Not A Gaming Channel???",2015-09-18,2251,57265
Selling PS4 For $250 + Elgato For $100!,2015-09-16,1720,57316
Do Tags Do Anything On Youtube?????,2015-09-13,5932,157216
Bronze And Platinum Play Buttons?????,2015-09-13,30896,1085975
7k SUBS! Smashing Ghost + AW! Plus Channel Talk!,2015-09-09,3141,87254
Exility vs Dr.Pineapplez - Misleading Contest!,2015-09-08,4530,57242
6 Uses For Your Advanced Warfare Disk!,2015-09-07,2115,57277
MrBeast‚Äôs Outro Song,2015-09-05,388084,8673581
Watching Video Games Is A Waste Of Time????,2015-09-05,1938,57291
"Pewdiepie's Shoutout, What Would You Do If You Won?",2015-09-05,2108,57270
How I Will Survive The Zombie Apocalypse!,2015-08-31,6794,236889
How Much Money Do Youtubers Make? Real Numbers!,2015-08-30,11558,409421
HONEST Shout Out Sunday! Free Subscribers!,2015-08-30,1812,57271
Social Media As A Job????,2015-08-29,2164,57303
Airplane Pilots Last Words Before Death,2015-08-28,2737,147742
How Much Do T.V. Commercials Cost?????,2015-08-28,1609,57251
How To Tweet When You're Dead! DEADSOCIAL Facebook And Instagram Also!,2015-08-27,1922,57269
My Favorite FaZe Clan Members?????,2015-08-26,1798,58647
MrBeast6000Subs,2015-08-23,56195,904010
"Youtube Networking - Aka Fake Likes, Subs, And Comments",2015-08-21,2830,57260
I Hate Youtubers That Ask For Likes,2015-08-20,10915,209096
My Mom Found My Channel!! :0,2015-08-20,25921,767443
1080p FREE TO USE BLACK OPS 3 GAMEPLAY,2015-08-19,1884,82981
"Black Ops 3 First Impressions, My First Game",2015-08-19,1696,57250
Dogs Opinions On Youtubers Getting BO3 Early,2015-08-18,3044,100487
BO3,2015-08-18,34072,1323405
Xbox One Destroyer? COD Advertisement Is Free,2015-08-18,1689,57375
Modern Art Is A Joke,2015-08-15,1962,65598
5 Steps To Becoming Successful On Youtube!,2015-08-14,3502,86329
Time,2015-08-13,2181,92274
Beast $500ish Youtube PC Great For Making Videos!,2015-08-12,1584,84777
"5,000 Hype",2015-08-11,3483,157309
What Is Crohns Disease?????,2015-08-10,7289,287682
Leaving For 7 Days,2015-08-09,1482,58723
Motivation For Youtube - Ultimate Small Youtuber Motivation #2,2015-08-08,7312,193143
Should I Buy An Elgato Game Capture??,2015-08-07,2054,57263
Fanboy Opinions On Black Ops 3,2015-08-06,1407,57279
Big Channel's Starting Over???,2015-08-05,1555,57255
SAT And Some Random Stuff,2015-08-04,1710,57278
How Many Youtubers Are Millionaires???,2015-08-04,1992,120847
Always Changing My Name? Mr.Beast or MrBeast6000,2015-08-03,4454,184550
How Much Youtube Money Do I Make???,2015-08-03,10221,430911
Am I Ian From Smosh????,2015-08-02,13535,1060789
How Do You Turn Off A PS4? Xbox Noob In Need Of Help,2015-08-01,2045,98141
"New Optic Gaming Gear Coming To Advanced Warfare, My Thoughts",2015-08-01,1827,57246
Youtube Collabs? Collabbing with Mr.Beast?,2015-08-01,2205,108748
Sacrifices And Youtube,2015-07-31,2656,57249
5$ To Advertise Your Youtube Channel???,2015-07-31,3061,167583
Reuploading Other Youtubers Videos? Stealing Big Youtubers Videos.,2015-07-30,1518,57262
4k Subscriber's! First Channel Story!,2015-07-30,3131,107771
People Who Got Rich From Movie Trailers On Youtube,2015-07-29,1647,98601
Beast Gaming Set Up #almost4k,2015-07-29,2446,87069
Advanced Warfare DLC 4 Honest Parody,2015-07-29,1662,57297
World's Worst Thieves,2015-07-28,2149,94611
VANOSSGAMING IS IN TROUBLE,2015-07-27,3962,251480
SpiderMan Robs Walmart?????,2015-07-26,1628,57269
My Upload For ThunderstruckGaming,2015-07-25,1469,57289
Best FNAF 4 Fake Reactions! So Funny lol,2015-07-25,2757,91431
How Many People Get The Diamond Play Button?????,2015-07-25,18466,1809483
Supply Drops For Charity! Ep #2,2015-07-24,2194,57258
Best Thing To Happen To This Channel?????,2015-07-23,1836,57256
Supply Drop Challenge For Charity,2015-07-22,2278,57247
FaZe Clan Vs Pewdiepie Who Would Win?????,2015-07-21,1247,67923
"FaZe Adapt ""Stuttertage""",2015-07-20,3282,118736
The COD Community? Sleeping With Your Mom?,2015-07-19,1856,57254
Exility And Some Other Stuff - Update Vid,2015-07-18,11422,57254
Every Minecraft Let's Play Ever In Under A Minute,2015-07-16,3747,122233
Why I deleted Today's First Upload,2015-07-16,1530,62454
What Is Spam404?????,2015-07-15,1405,57316
The History Of Pewdiepie In 2 Minutes,2015-07-14,7261,255685
TWITCH STREAMERS REACT TO RECEIVING THOUSANDS FROM SAME GUY!,2015-07-13,2231,220516
I Hate Spam On Youtube,2015-07-12,1932,57267
